12.98213771,90.55666667,16.94666667,-66.54169482,10.23287217,2192.333333,3
54.54465215,0,2.66,-74.02951008,18.14651847,741.53,3
15.90784732,166.0733333,9.04,-3.720063399,15.1973966,12584.61333,3
25.85302553,30.35333333,8.433333333,-41.47709851,26.73021383,7040.696667,2
140.0287822,0,0.596666667,-880.3580974,-68.48594026,202,4
32.98734894,0.293333333,148.2733333,20.01207827,1.880991672,6043.7,2
8.5460032,0,8.256666667,104.6893614,5.333394279,5381.763333,3
51.37666667,1.516666667,24.96333333,32.47953088,117.4601074,314.3066667,4
37.61431449,0,6.283333333,0,105.41712,5334.603333,3
41.73357833,0,2.693333333,-12.06921507,78.05089992,23849.63667,1
3.710417202,0,6.486666667,456.4306303,-66.57698344,647.4566667,4
72.62306971,0,23.89666667,-0.5650888,21.16012525,52497.18,1
47.07336014,0,46.47333333,10.77705275,17.09240021,6067.333333,2
40.15800914,0,0.793333333,-1204.557162,-42.22829567,1994.71,3
24.45740232,0,1.433333333,0,4.338278407,401.8766667,4
33.91863913,0,0.09,0,-63.80985585,371.4233333,4
15.23493065,261.5033333,0.736666667,34.21546902,4.616475074,7701.38,3
14.46188622,0,7.19,-789.6704206,-13.19130252,3601.053333,3
5.138731376,0.463333333,7.19,153.0684659,1.505743321,77044738.56,1
39.15942255,0,0,-21.96148819,-97.01637643,2145.876667,3
71.75445272,0.653333333,4.166666667,3.624560871,6.655596372,58384.70667,2
72.35069768,11.07333333,37.84,14.83083956,12.64673825,2089.21,3
29.13074085,20.89666667,4.116666667,-13.28185584,11.89637203,5384.103333,3
46.49901977,0,1.52,18.52894918,19.41742453,5754.25,3
74.21603552,3.956666667,13.26,0,1.425681485,16745.42,2
19.65115194,0,5.156666667,-75.26425632,29.09270388,5146.3,3
37.37247965,0,0,-251579.0094,-26366.41026,5.776666667,4
19.02735659,2974.186667,5.063333333,31.65994589,44.41102543,15541.13333,2
220.8641476,-49.95333333,0,-135.9725086,-30.2332626,72.28333333,4
94.74286241,3.336666667,4.25,3.649667084,7.921134753,6022.386667,2
57.27374976,0.243333333,3.82,50.42496354,48.79231748,52727.93333,1
52.7206912,0.646666667,372.9266667,17.16849363,7.76293981,19910.59,2
30.32126107,0,197.3333333,-7.053513601,-4.87522137,2611,3
31.36800411,30.41333333,6.26,-35.05314744,17.81620535,0,3
59.95587049,5.53,10.03,13.43706522,1.197786446,5154.99,2
31.3886451,259.0166667,5.81,-41.04398458,-25.37672332,1920.866667,4
61.3022604,4.193333333,5.936666667,9.249578442,3.947169556,4147.586667,2
1.477915539,0,0.43,-360.5607033,-28.92693445,604.8166667,4
47.74573113,0,15.40333333,12.91059075,-26.03673089,1502.453333,3
27.69795325,0,0,35.08372773,6.111944967,1097.353333,3
48.13350385,0,7.65,-39.81213701,10.45710196,659.5733333,4
31.58761025,84.68666667,2.736666667,-13.1850842,22.31910474,23043.19667,2
33.07478044,0,10.48666667,-17.58730863,52.75501403,0,3
50.46201882,1.763333333,12.52,0,0.153368087,507.01,3
69.18151537,0,2.87,32.62635888,9.305923904,903.64,3
76.18855812,3.103333333,3.423333333,0.299252056,3.105756287,2863.65,2
75.26655704,1.12,1.613333333,-3.020461673,0.06259854,77201330.74,2
51.40557624,6.73,3.763333333,7.395090461,12.36,14712.85667,1
48.961414,1.11,2.1,2.902471605,42.02056738,56465.74,1
122.1786678,-0.313333333,1.303333333,12.19019825,0.751516615,-147.1,4
54.35623879,0,1.16,-17.38126368,10.30138026,1374,3
48.77947895,1.766666667,23.13666667,12.39784609,6.99273185,1286.523333,4
57.25283892,0,52.46666667,4.944110369,10.3202298,10478.44667,2
31.51991549,0.923333333,4.206666667,3.924066263,23.4987751,5369.253333,3
44.21751864,147.5466667,7.683333333,-5.015982809,13.53580358,1660.086667,2
49.5508228,2.34,18.59,52.20504182,6.288326743,1109.79,3
553.5948763,0,0,-4.650739921,-56.94938917,-1584.39,4
29.41740751,1.513333333,2.62,-59.61553374,-0.947665696,6360.653333,2
35.84511439,8.963333333,9.116666667,-13.46431731,22.38414097,911.9766667,3
33.38035099,7.053333333,4.920933333,-0.365971755,15.66651672,1597.113333,3
60.06091631,7.966666667,4.676666667,9.268326037,11.53367375,13008.52333,2
74.50367985,3.973333333,1.993333333,-6.158890733,4.883176929,1450.52,3
39.68897453,-110.3566667,4.484433333,-10.74689464,-3.646666509,2067.033333,4
45.94992831,1.203333333,6.526666667,22.82461036,13.38579251,11762.65333,2
25.45797178,-116.9933333,7.646,135.4687104,94.86543332,16209.34667,2
37.98611267,7.023333333,4.92,18.82070049,12.49702084,5251.106667,2
9.731897123,0,7.073333333,-16.56876127,-9.886284776,2884.053333,4
39.3210569,46.72666667,115.0766667,-28.68364555,18.08267662,1119.276667,3
59.3373666,17.98,16.08666667,-25.23869798,-5.630345035,241.5866667,3
26.51982427,0,8.31,0,12.52322384,2339.136667,3
31.22918149,0.85,3.22,-8.531525318,0.832401047,1794.943333,3
45.59912026,-10.35666667,1.596666667,-47.66533184,-64.33578219,4224.093333,3
15.27646898,0,0.996666667,272.3249468,181.3564382,524.0233333,4
28.17571143,2.48,4.127766667,37.99935372,6.720898175,8986.986667,2
42.93869177,6.806666667,5.356666667,0,6.121942554,9025.016667,2
75.23799753,11.86333333,1.47,3.607812493,4.318796668,5117416.547,4
68.26556927,12.89,10.26666667,2.57570943,10.21034814,14983.98333,1
58.01296428,0,2.92,-5.124100913,15.52771694,846.6666667,4
66.38532052,380.0566667,2.886666667,23.35993258,1.69020623,559.3966667,3
50.95180384,-790.1633333,7.825733333,49.90081079,34.36428304,7274.94,2
87.92715147,0,1.98,-12.50526839,16.7611088,309.9,3
46.03649148,0,6.97,-9.208273438,3.714798054,722.6966667,4
26.14271873,6.873333333,3.426666667,-45.11937041,11.59161065,5929.666667,2
12.40633721,0,37.22,5380.895285,1.878033926,1249.206667,3
33.67903787,7.616666667,107.9066667,0,-70.18702719,1443.686667,3
30.498317,14.90333333,6.266666667,49.14883331,22.3392212,934.5866667,4
33.90075307,2.193333333,1.386666667,10.36789939,-6.863126665,5398.416667,3
75.81529566,0,3.783333333,0.029217717,14.59518644,1775.74,2
30.45246376,0.78,2.316666667,-32.7158465,-5.373230399,26454270.84,2
29.55824906,0,44.95666667,-150.865583,-2.498403735,375.7866667,4
9.176666667,0,15.02666667,0,0,0,4
23.02866907,0,7.126666667,93.27951224,69.93379226,5207.626667,3
72.02949896,44.99666667,9.516666667,-3.965663038,22.47464313,559.55,3
34.54872477,0,2.566666667,-0.003418064,4.631303417,1972.91,3
31.92027299,3.146666667,5.016666667,88.11084772,37.02838447,311308516.6,2
4.754258217,0,0,133.1691505,196.2337259,4815.656667,3
46.32292756,0,10.76333333,-23.73514464,11.09607792,332.0966667,3
60.16039262,5.57,3.253333333,63.03623769,25.41743695,4473,3
12.97407468,0,6.686666667,55.91094026,1.268566745,2011.453333,4
75.31092982,0.113333333,3.026666667,-13.89457352,3.436759735,4880.786667,2
31.56089593,0,236.42,-260.6485599,-51.57427082,285.4266667,4
34.292054,0,0,47.23602735,0,3004.933333,3
18.99738084,0,0.776666667,28.58903958,36.21880544,25042.59667,1
68.98374381,0,3.423333333,-6.564174641,0,10226.87667,2
48.40434714,3.226666667,5.946666667,6.78366597,13.27549411,13941.08667,2
6.075512149,0,0,-750.0891099,-32.88187633,2355.563333,4
65.85412381,0.276666667,9.163333333,-7.703306385,2.018524974,8509.99,3
51.48914488,0,6.19,-29.19120797,36.94566939,4286.476667,2
36.4095838,0,118.4233333,-5.199797172,2.100769589,4467.333333,3
43.43583931,-38.47333333,25.6497,11.75064096,25.19146006,15207.7,2
67.86432263,57.33666667,14.99666667,-10.76062386,25.46464854,815.2366667,3
34.83300625,1.61,27.94333333,-26.36210644,6.737755636,5486.54,4
75.67771964,0.886666667,1.78,0,0.664389012,1052.023333,4
64.18177348,0,0,154.7140769,0,2251.166667,3
70.33857265,7.203333333,4.153333333,6.025628957,-0.186271841,1020.386667,3
18.82715733,0,1.233333333,279.1940332,4.082207651,713.51,3
62.99820091,0,119.2133333,14.00368508,11.85049046,491.3333333,3
14.36122494,0,0.246666667,1.48079317,1.076666667,1761.626667,3
22.25126198,-98.39666667,1.353333333,-57.21575505,-27.56545199,9350.623333,2
36.56115983,0,10.09586667,32.69886141,-49.7,1234.166667,3
125.054435,0,2.6283,7.295440483,-38.16,-262.81,3
32.05530379,0,2.783333333,21.89886159,9.892352341,3564.666667,3
31.7348116,0,0,24.87114516,13.45328556,799.3333333,3
33.71964434,702.7466667,3.35,19.89489041,12.61645882,89791.55,1
11.42790335,0,1.181733333,22.32526627,6.523333333,5787.896667,3
27.20645168,50.43666667,0.71,-33.36504898,296.0546932,885054.1667,1
37.88834067,0,2.370333333,3.094533972,21.81139888,9428.896667,3
10.18844024,0,1.22,34.98953304,11.21615269,9036.306667,2
41.98754163,0,3.363333333,-4.536385507,15.35930405,2916.01,2
10.59333333,0,0,6.719813561,9.701864456,2385.706667,2
36.1833177,11.56666667,20.32333333,-73.82065845,0.431716717,734.6666667,3
63.27936382,5.766666667,4.626166667,-6.712523673,4.485870199,2999.153333,3
18.52103319,12.35333333,19.39,105.6032815,9.899400791,6049.113333,2
60.53346591,8.423333333,2.283333333,4.623299307,6.496666667,29011.08333,1
63.32894483,0,10.05666667,10.41416308,1.634539295,1621.39,4
35.68867598,79.68333333,13.24333333,21.31027819,38.64710351,2880.53,3
54.84693245,0,2.836666667,0.126525326,21.01902114,2762.6,3
78.83,29,130.2366667,1.25344644,0.413949365,136.52948,4
76.81345672,-886.0466667,24.53333333,-85.67152141,-8.110380441,345.7466667,4
17.13065908,0,11.73,0,2.583333333,379.6,4
54.62264156,16.37,4.39,-76.30757173,16.22350513,1242.016667,3
27.47663096,0,2.223333333,-128.6648661,26.03741452,3402.343333,3
0,0,0,0,0,-2.116666667,4
45.31329314,0,0,50.03952884,28.67274429,11579.64,2
27.34639154,0,15.62666667,41.14051102,11.98587625,5711.51,2
65.20154535,4.006666667,8.096666667,8.123631989,4.631844618,1989,3
37.32154166,0,77.95666667,-761.4471478,12.69574187,947,4
32.58980862,0,23.40666667,46.88946997,6.926801038,1935.77,3
59.95194747,2.63,2.236666667,1.927525223,4.815015187,75444.92,1
47.37713618,0,6.566666667,21.27308111,7.47,62.13333333,4
8.786907968,0,4.276666667,-24.86863455,48.23083701,73044.96667,1
24.02320303,0,7.593333333,26.68806141,22.54227363,8869.126667,2
23.8028769,1.286666667,11.81666667,67.92098376,0.396415717,1012.016667,3
52.46503789,0,1.493333333,10.0925965,27.32333333,26479.97667,1
42.65076534,12.22,0,33.13147147,10.30717641,3925,3
49.33761683,35.71666667,15.38133333,72.95742331,13.79247042,3875.856667,2
35.28416158,15.77,2.736666667,11.87775545,-97.5903255,165845.0733,1
32.78465463,0,2.736666667,37.66215206,-236.8123129,5879.353333,3
22.03972506,18.10666667,0.936666667,-170.3258704,18.52977129,774.0566667,3
50.14861498,6.473333333,2.143333333,9.108392195,62.85592991,71347240.59,3
18.0763001,2,2.003333333,35.69952374,63.26788229,3066.55,3
45.42333333,3.2,0,-311.4775987,39.12622497,2680.913333,3
115.1916336,0,0,-6.262285302,162.5860537,252.8833333,3
30.44311353,20.4,0,43.06998981,18.75731377,13949.70667,2
33.32263184,1.436666667,8.006666667,16.47184263,0,12336.65667,2
70.05177458,0,5.633333333,-3.663588202,-23.36160262,431.8366667,3
29.35381543,0,1.12,22.56658282,17.18713668,7035.613333,2
3.464756129,0,0,-183.1612453,78.2626567,1827,3
58.6286607,9.143333333,2.15,-2.516165813,6.389334656,960.9,3
55.51288482,0,0,0,-41.88113852,884594.3533,4
1.794035044,0,18.73,-207.2369605,2.585892679,1306.846667,3
46.20735274,0,1.41,-16.62037241,1.529934453,751,4
9.332686407,0,0,320.6667621,0,63.60333333,4
35.13760774,2.546666667,1477.37,4.241651936,0,858.48,3
35.08367657,16.29333333,1.45,20.32876436,9.43809579,13330.10667,2
10.14234101,0,0,-433.7179487,-3.976948048,1045.333333,4
32.82400252,0.386666667,11.03333333,5.843887209,20.17645296,4276.69,2
35.07752627,2.04,6.34,41.93745684,218.3876229,44007490.73,3
30.93891412,0,0,58.17461385,160.6571972,2834.563333,3
51.34906099,22.83,5.06,17.72879069,14.45514972,99254.66667,1
56.34816195,11.01666667,5.06,-4.077245599,7.218582546,6379.666667,3
43.76985417,0,0,55.61722145,0,821.8233333,3
14.28344236,0,0,18.18784479,-22.85666667,694.7066667,4
60.29591122,0,3.4,6.707540146,90.76191709,31350.30333,1
34.67426555,55.87,6.733333333,-84.02069189,28.06496118,3339.263333,3
27.71688395,12.32666667,6.733333333,17.22075024,52.27369958,5267.216667,3
32.93891109,1029.116667,3.18,96.34313459,45.75990732,1854.516667,3
2.698816889,0,200.4633333,0,-12.66258553,696.3333333,3
81.34380762,5.546666667,200.4633333,7.479495795,7.775666788,1203.73,2
72.20035743,0,12.02333333,-28.24824664,3.477355774,260.0966667,4
20.66601458,-0.66,1.123333333,-3.287535206,10.40088532,189582.2067,1
55.6775496,0,13.27666667,5.675203743,61.29503596,41956.66333,1
31.71323518,0,2.1,-29.89903896,9.42745545,1482.033333,3
50.81854892,0,463.3233333,-5.741917897,4.338712121,2361.806667,3
41.34126587,9.913333333,2.296666667,-7.745525661,19.56721127,4352.583333,3
43.91708851,0,26.59333333,-7.501005235,25.24510501,2843,3
3.034411838,0,69.33333333,120.1905951,24.27497178,108793.12,2
48.47861943,0,429,-32.15587736,15.28456973,5336.973333,3
56.83856024,0,0,-121.6894649,-22.15688847,1961.583333,4
24.0102651,-45.09666667,50528.66667,162.4029116,62.31132553,6274.903333,2
43.88388394,249.5666667,1089,-300.859549,39.84302282,4928.646667,2
35.59545351,0,78843.33333,9.67535452,33.91333333,7260.02,2
60.2393814,0,34124.66667,15.11552315,14.90333333,822.19,3
60.8701587,8.963333333,565.6666667,0,0.206450293,509.7866667,3
38.97914803,0,48.33333333,66.4350305,33.82615512,6245.38,2
12.87105092,255.6466667,7.771066667,-40.10609697,23.03192129,448.96,3
23.71701666,0,255.3333333,-12.3764897,50.92828636,4927.52,3
60.84250643,0,439.3333333,-14.72239736,5.290032526,2393.81,3
50.16101017,8.853333333,652.3333333,-4.348318145,3.237313916,2224.333333,3
49.66535778,0,30094,5.644091832,3.103333333,3212.136667,3
4.676024379,0,371,-318.9913596,14.17206003,7359.563333,2
49.19390729,5.096666667,487,13.94169753,7.114083249,26515.41,2
68.49099088,0,24472.66667,-2.885657956,10.27333333,5444.57,2
360.2184219,0,0,0,-52.82,-14136.24333,2
80.75717536,32.92333333,739.6666667,11.53196248,-8.88117543,10674.65333,2
63.40204516,0,12489.66667,6.183635195,6.653453552,2383.93,3
79.44494297,-667.5233333,17.66666667,1.242414047,-16.00612938,151.0533333,4
34.27063299,0,0,0,3.690438362,391.3733333,3
51.30244539,12.88333333,641.3333333,-0.109869053,9.553335901,1449,3
74.17059188,0,1032.333333,13.30690533,-0.782866191,480.6866667,4
37.82464327,6.603333333,1219,-36.38301388,1.758483931,943.9633333,3
29.27785916,-123.6466667,234.6666667,65.58883981,81.06209448,12649.21,2
12.02102016,0,0,-193.9904917,18.15814324,1510.71,3
62.37707293,0,2331.666667,2.06042292,2.196663838,571.89,4
24.09228439,18.54666667,0,-11.72383201,20.47016567,3971.443333,3
33.87327315,0,1109.713333,-10.92316569,9.643333333,3006.926667,3
40.34859318,66.40666667,265.6666667,0.455731856,20.01901099,10800.88667,2
33.03647131,-1.686666667,0.933333333,-1.892057886,-102.6358081,48040.29667,3
4.115616572,0.466666667,283.6666667,-562.8681359,15.09994615,14562604.59,3
29.97583455,19.42,270.3333333,-33.84266817,52.6191537,8917.296667,2
62.78700928,0,270.3333333,0.927794055,5.605106786,3202.07,3
35.5896467,0,234.3333333,-0.302639632,-36.34398492,1304.606667,3
22.20045413,0,0,-12.4098368,-32.39478969,98.88,4
38.66860139,30.41333333,626,-27.54224897,17.080661,1639.61,3
65.64582481,0,396.87,7.159926999,5.376666667,54957.39,1
76.61892742,0,3.363333333,3.399917544,404.2038604,47064.48333,1
48.82903412,8.68,96.71,17.82408284,-99.88477648,1638.676667,3
25.65808868,0,96.71,-61.33391742,0,2083.423333,3
104.8026961,-3.906666667,41.14,-5.757729896,0,1980,3
33.67829962,0,41.14,-53.98483845,0.446158023,4355.64,3
25.98060203,0,0,52.44475081,0,0,3
41.17085845,5.986666667,1.9,-21.14857537,120.1671112,23205572.12,2
10.51856123,-116.9833333,4.833333333,230.9298901,52.28113135,4484.676667,2
20.97832271,148.55,2.26,90.9290681,-93.97229454,2117.62,3
48.29141703,448.31,2.26,158.379561,-93.29738338,0,4
34.51379107,0,2606.666667,-8.031915707,0,2901.333333,3
2619.623979,145.7633333,2606.666667,0,1582.122745,999932.7067,3
71.29689787,0,2.276666667,3.822591051,9.340043414,720.51,3
77.46089722,31.09333333,3.093333333,-4.499304012,0,1197.333333,3
183.898185,0,3.093333333,-17.37822392,-19.18316266,-168.6666667,4
61.35391658,9.11,5389.146667,-2.03047359,-99.46968281,2173.686667,3
44.84333333,11.76,5389.146667,24.33832857,231.5534969,43.57666667,3
49.12038893,4.573333333,4.096066667,140.2147066,3.419801079,1068.12,4
22.99387462,0,2.826666667,35.87221149,-93.44325906,12623.51333,2
70.44850405,0,0.946666667,0,-99.95665053,7626.553333,2
43.21313999,0,0,2.2192213,0,14955.85667,2
39.49891368,0,0,5.945878951,-100.2795249,3261.006667,3
34.69206408,37.12666667,0,0,10.19798678,2551.65,3
9.039532365,0,8.033333333,-131.3148411,0.893945936,3801.873333,4
30.45713457,6.553333333,33.28333333,10.77563594,7.041303455,2701,3
41.79626885,13.26666667,33.28333333,-48.38088687,0,1765.9,3
22.34125953,2.04,2.056666667,209.317954,424.7146549,44007490.73,3
13.2251332,-14.74,8.32,-188.5982144,1.428528531,1442.823333,3
39.62780055,0,0,5.028574862,0,0,2
33.9208907,41.34666667,0,0,21.12288096,467.1933333,3
75.93874389,0,2.68,0,-100,673.9166667,4
40.09115534,-4.346666667,0,522.8331396,436.5163729,48338636.48,2
24.40085208,187.3266667,3.151266667,-26.91525115,-116.4896958,0,3
48.74143761,-154.4466667,1.456666667,-257.4717241,-20.48338213,662.0033333,3
75.27822149,6.8,8.52,6.122690234,0,1513.666667,3
37.53433715,1.906666667,28.1,51.45147247,15.18205295,39229903.79,3
24.35476204,0,4.463333333,-3.92829035,3.011828634,0,4
63.92169485,0,6.176666667,-9.544839105,3.455627612,4030.056667,2
61.65262138,15.38333333,68.85333333,8.276241188,38.08849636,28802.93,1
35.78124678,-178.3166667,3.546666667,-64440.72339,147.8804423,600.7433333,3
34.03410466,8.86,2.083333333,33.49703831,-98.6244511,10832.8,2
28.01913914,0,2.083333333,66.16331335,134.9071972,2793.29,3
50.0668946,0,2.126666667,2.650073624,10.61255972,27604.14,1
55.51460056,5.34,2.233333333,-56.33489302,2.074950741,4960.33,3
12.48213298,31.54,8.706666667,47.97988231,-85.72249925,15064.18333,2
102.8931324,0,8.706666667,5.66581056,0.642030134,162.44,3
7.219584348,0,5.93,-8.419294626,5.509107922,683.7633333,3
36.85873594,44.10666667,26.74333333,45.34912806,8.005313064,9672.413333,2
27.10666667,0,155.67,-460.3080324,-5.28,0,3
12.59930149,0,889.03,94.51618108,13.14,766.3733333,4
68.59516788,8.47,2.919566667,6.896341927,0,3503.566667,3
66.24336618,0,0,13.00109187,-87.08333333,0,4
45.90049581,-6.243333333,4.113666667,216.2692307,-4.901243749,633.8333333,4
74.17466256,0,552.2866667,16.25207146,1.063333333,0,3
35.38456746,1.966666667,1089.193333,-25.02282819,41.0592644,49077069.54,2
46.56643533,0,452.6766667,3.881577142,0.322844347,3597.403333,2
71.77927539,0,1172.486667,-65.20803565,-24.19666667,0,3
24.64144007,0,0,140.9430582,59.70739251,5160.89,2
10.58597126,1.193333333,56.87,0,-89.31216782,4159079.247,3
46.9592642,0,8.276666667,-24.36217125,6.18993335,130.11,4
43.05254612,0,279.51,-56.55644084,-96.65251299,8503.333333,3
5.176855091,0,1.55,-973.1100319,-55.95336122,2817.356667,3
10.74943256,0,1.55,1091.598691,40.90333333,1724.473333,4
7.88709509,0,59133.96333,94.87066822,43.44,113535.7967,1
47.29514906,0,3.766666667,-5.782223205,11.13545992,16437.57333,2
7.406910262,0.853333333,7.313333333,78.85454534,-100.0012923,3077.496667,3
50.6334933,0,1523.253333,22.77912151,17.11235001,19944.87333,2
77.30972575,0,2397.036667,-5.763709336,2.87,826.91,2
85.30558131,4.32,6.426666667,-7.07953098,3.49784059,2331.666667,3
13.84446626,0,101.8233333,41.69705785,13.05333333,3013.416667,3
54.05168597,40.97666667,2.403333333,3.970769985,32.49975542,5375.333333,2
41.90844716,0,2.396666667,-2.108997386,-4.409656223,2148.623333,3
53.5907247,17.09333333,4.833333333,72.90773341,2.335762293,1231.496667,3
71.04997795,3.663333333,39.26333333,6.333889216,0.555228264,3145.46,2
37.28469552,-61.17333333,7.986666667,-61.50589949,1.088220866,455.5433333,4
41.14697069,0,1.03,39.18330231,2.198800878,187.3466667,4
35.09418174,2.303333333,0,-6.514115868,0,1254.236667,3
28.27533619,15.19,0,55.10836879,31.88479527,131313.57,2
302.6221587,-27.06666667,0,0.194732521,-16.0327677,-11.72,4
58.43775215,19.06,9.3,364.1135542,1.46613033,2397568.117,4
61.44394978,-2.426666667,9.263333333,-92.14481849,-17.37223551,7010.373333,2
157.6574798,-7.77,2.803333333,-661.4759244,-19.17913452,105.3333333,3
66.30827477,0,2.803333333,-20.89831938,-99.69791057,142309.1767,1
68.8049858,8.6,6.536666667,29.51238953,6.523900911,3639.963333,3
67.93443972,0.436666667,0.716666667,-6.797305534,-6.05723381,1733.66,3
31.75356473,0,6.26,0,106.9797853,1652.54,4
22.23669741,0,2.75,39.56311084,12.33853675,5580.103333,3
20.75899891,0,0,56.27401913,-6.02231191,2579.026667,4
47.77503637,-17.03666667,0,59.30815802,-3.314590926,847.3933333,3
42.30344713,6.91,10.37,36.64024149,0,15686.98,2
31.04932262,1.273333333,10.37,-8.711612978,17.87892946,14498732.77,3
3.955539594,0,7.023333333,-118.3455765,57.36200938,6203.206667,2
56.52111411,0,7.023333333,-19.51173804,8.594250401,15515.79333,2
40.4218965,-78.91333333,0,77.68551267,-1.859182973,2065.706667,3
29.25671382,3.483333333,3.566666667,25.3024785,8.601622763,7365.21,2
30.62118006,9.833333333,9.343333333,47.34922107,33.58834397,30562.96,1
38.50940718,0,1.766666667,-141.88113,-59.65269956,867.7966667,4
17.19268358,0,0,-281.9575678,10.26887591,653.2666667,4
28.62633213,0,608.7066667,-1.696382209,-1.833333333,98484.2,2
24.31835258,13.38,30.1,65.25351167,1.55406996,2520.603333,4
55.24547536,0,3.336666667,-1.871241321,35.71808936,1607.843333,2
42.92634637,0,3.593333333,-29.4167347,16.83403831,33087.26667,2
69.40609601,0,295.3866667,0,-33.35044748,487.94,3
36.7726706,0,0.79,0,-1.357018472,1072.613333,3
54.46858109,0,3.146666667,0.976211314,4.180113138,760.8766667,4
44.00512067,0,0,-46.45412045,3.985909884,5026.25,2
41.33277344,30.64333333,2.026666667,18.56107925,20.9481326,9882.933333,2
13.70335792,0,2.026666667,-41.89280158,31.03410885,1520.666667,3
22.68383483,0,2478.663333,-69.22970743,19.18666667,9366.003333,2
45.4800062,0,1560.66,0.435850504,9.409336993,816.4766667,3
37.71778341,0,50.13666667,4.854261638,1.369901452,1733.443333,3
20.58346509,-22.77666667,6.386666667,6.305179764,-9.789663178,2252.026667,3
62.80954315,22.01666667,10.39666667,8.634423641,7.802527021,3226.376667,3
59.53970297,5.413333333,3.7055,-13.95680643,0.460150674,1034.616667,4
77.2564522,9.556666667,5.583333333,19.36367873,4.554878235,28737486.61,2
55.02153936,31.29,2.9,23.373819,8.498390756,3043,2
18.94261612,-199.63,7.793333333,-22.82738387,13.20779911,4806.02,3
2.149433325,0,0,0,-16.8013869,160.5333333,4
59.75764674,6.046666667,2.708366667,106.4018415,9.154126381,20665.95,2
0.78,0,0,0,0,0,3
31.8133548,0,1.276666667,8.648561073,25.71335948,10887.67667,2
9.5394079,5.57,8.536666667,-1.036899508,12.69489709,11309.80667,2
32.78821761,0,8.536666667,-17.95443038,14.11914602,585.4766667,4
1.841832623,0,0,0,-33.33333333,15.66666667,4
31.5435973,-14.76,54.32666667,-2.598583023,-9.159727928,2106.243333,3
15.84564509,19.75,31743.93667,70.06648332,11.92362157,7391.03,2
19.24041201,0,23.56333333,1.035874558,0.68,3019.116667,3
43.73337023,0,3.083333333,36.05056369,21.60546487,8990.833333,2
49.41677971,-82.07333333,2.8319,-14.52375949,10.4569428,3165.75,3
60.94777879,0,21.16,-9.010757784,1.995645422,488.25,3
37.57950008,10.04666667,21.16,6.274717547,2.423890541,12053.57333,2
28.33626865,0,0.756666667,19.33246252,-25.64590355,1561.026667,4
23.99670273,-12.05,2.846666667,-17.78364659,1.955074129,9269.443333,2
49.00197873,-8.653333333,7.81,-30.71286956,-6.722712384,5884.333333,3
20.2434941,0,7.81,-327.457146,14.91666667,22862.21,2
58.24379891,25.68333333,1.736666667,-16.99888598,11.24223974,7449114.987,3
23.35514757,150.4666667,16.31666667,33.96372811,27.13940304,8415.45,2
29.07064375,490.2066667,0,-79.91897812,-49.00749504,586.9166667,3
62.48661526,0,13.73333333,0.927794055,5.604916194,3213.776667,3
32.81697383,-3.646666667,7.803333333,-87.25824266,-0.340094257,1030.813333,4
39.15942255,0,0,-29.40685972,27.89028738,1972.036667,3
29.42757966,0,2.74,-355.0493685,-53.34739492,2883.116667,3
58.86759089,7.313333333,0,12.72506232,10.90203102,342431911.5,1
8.663736341,0,0,23.41406392,6.29,996.8133333,4
93.20626785,-2086.923333,13.36,6.037867767,29.7422731,480.37,4
31.21448421,0,7.8,6.675662554,5.725757271,3551.883333,3
48.95257236,0,5.673333333,57.17227227,10.52647132,5790.653333,3
31.5785612,0,481.8966667,-25.50039701,0,1566.13,3
54.16554038,3.166666667,9.14,-10.99671174,22.25316103,11152772.08,3
22.10416901,290.3133333,4.736666667,7.696535851,19.74501624,13876.01667,2
72.19718172,0,4.736666667,2.336278186,3.915010931,2260.613333,3
56.62027924,4.336666667,2.013333333,-10.74782592,6.912601466,12949.69,2
91.94713666,0,4812.28,-7.980326503,-44.27666667,-32.36,4
116.1309839,0,132.67,0,1.766666667,-196.1866667,3
66.36230686,0,14318.61333,13.10179614,0,576.6233333,2
38.29967276,0,0,-130.5760903,-8.156289822,808.83,3
60.00650425,0,1.096666667,-14.00143519,31.16108434,7955.66,2
55.77219075,0,3162.586667,0,1.103333333,1269.426667,3
60.18171082,5.693333333,6.91,6.49332547,11.72583934,7187.476667,2
54.14319509,4.793333333,0,5.102616717,9.628041626,1300.08,3
91.31923258,31.39,17.01666667,40.96570786,6.710596573,1184.333333,3
54.92364175,0,17.01666667,0,1.546699034,608.6766667,3
53.8991745,0,0,1.395441582,-39.97035937,2894.673333,4
87.80837867,2.613333333,143.07,4.536352935,1.212436832,685,3
69.01400304,0,143.07,8.631888328,2.082823455,789.5466667,3
13.94049141,0,74.72,686.6366174,6.669321888,2036.733333,3
23.70283331,0,1.74,6.783299216,22.87198214,2367.776667,3
72.88191956,2.05,4.476666667,6.083575953,0.783894354,563,3
45.36861685,0,4.476666667,-22.08813296,-1.37679711,2422.94,3
20.36149038,0,357.0933333,-11.96977933,23.08,25573.89667,2
43.22498549,62.57666667,3.376666667,32.01199214,27.36250376,24251.49667,1
51.83885613,17.05666667,0,25.72377422,0.888840582,1001.333333,3
14.93012704,0,0,0,20.13957378,87312.61667,2
73.06460814,0,12.67,1.030936005,8.063357549,1291.58,2
66.85113753,0,2.646666667,-24.77702317,5.637629405,648.3933333,3
78.52684419,0.756666667,3.693333333,14.75297269,0.162374572,2248.836667,3
25.82142437,2.523333333,24.54316667,11.91300358,2.163657019,5844.566667,3
56.11785811,27.27666667,1.51,8.619207366,16.04288233,4352,3
22.39838863,37.24666667,3.586666667,13.92414581,17.02777194,264312.6833,1
81.56036192,0,3.613333333,-12.93024055,4.561290731,401.82,4
69.75988018,0,34172.84667,11.58324249,0.343333333,37.33,3
16.15333333,84.13333333,2.793333333,-8.091463827,17.03311184,14852.33333,2
8.710315485,-202.0366667,19.38666667,-314.5330947,-17.04631898,4725.163333,3
61.80604177,0,6.783333333,-8.054695971,2.380219083,1514.333333,3
17.31982229,-50.76333333,6.783333333,269.2708333,-34.09776714,812.3333333,4
27.03503056,0,1.053333333,3.036762355,13.68434001,8251.3,2
57.44551294,111.7033333,5.323333333,-21.3759798,3.575836472,13897788.44,3
34.85896557,0,1.703933333,-57.10546845,1.721739874,2431.041333,3
73.4150924,132.61,0.816666667,-8.472295646,8.713486768,15080117.2,3
71.34320866,0,2096.916667,-2.393684889,0.566666667,1074.043333,3
27.4336657,39.17666667,0,165.1087076,14.49421531,2569.206667,3
33.34655155,0,0.258166667,30.98754144,4.904642555,10518.61667,2
93.19424471,11.82,1.63,3.548378671,0.476818995,728.0466667,3
108.5082859,0,1.636666667,0,-78.67766203,27.38,4
50.42564773,16.30666667,1.636666667,-23.38025768,12.71274852,17452.01,2
26.55002757,0,0,127.1492437,36.29333333,7565.886667,2
18.90241459,0,76.27333333,0,6.725453747,2489.12,3
43.86566551,0,89.41666667,-33.89451718,-1.758997187,4062.31,3
128.5958612,0,89.41666667,-89.03471157,-18.57246256,388.0433333,3
41.53073625,9.333333333,3.766666667,4.522852558,19.69692629,60136064.07,2
59.91753176,0,0.74,10.80509646,13.28522324,20370.96,2
28.26729055,-129.1166667,8.183333333,24.26055564,2.985817369,1715.033333,3
36.21742131,0,0,102.4924879,25.81510395,552.71,4
35.24191166,0,5.613333333,-36.04899848,8.612545664,3058.053333,3
49.94857002,-454.7766667,20.52333333,0,-1.750572989,2859.336667,3
30.57201409,0,20.52333333,-307.9232457,-2.447488812,7775.583333,3
35.51607156,20.05,2.533333333,-22.46564171,0.147330156,164680425.5,1
49.18313844,41.53666667,3.846666667,-1.404192979,2.40417833,1049.426667,3
34.47569113,-8.153333333,15.60333333,31.04283677,-35.20413383,4439.383333,2
58.80371055,0,15.60333333,-22.35042244,-1.325538564,770.8866667,3
42.09230171,36.96666667,17.43666667,23.7860486,10.33152142,2083.81,3
21.83224967,1.156666667,5.85,30.53850847,1.361389608,1927.89,3
89.62002606,0,9.446666667,29.27935958,-5.114091447,158.6666667,4
74.49426154,3.13,9.446666667,-4.661116148,1.211827918,1662,3
95.94634142,1.133333333,1.876666667,-9.524979511,-1.140791921,-6.763333333,3
56.68578252,-67.57666667,4.833333333,-78.17161872,1.133762399,1100.063333,3
49.36211498,-13.14333333,3.593333333,-1.312961053,2.529945458,8361.593333,2
64.52916873,0,3.593333333,30.11830766,2.290565286,826.59,3
24.46500184,0,418.71,-326.0086901,-11.14666667,6943.97,3
41.67587833,0,0.716666667,-278.8709113,0.215871553,718.73,4
196.8630444,0,0,-22.50896221,-35.21666667,-3164.78,3
61.39109157,55.91,1.133333333,10.23019669,0,7032.293333,2
10.53,0,0,-231.6306504,0,774.5533333,4
25.60425785,14.58333333,11.96333333,32.66796632,0,11833607.82,3
20.40911456,1921.53,0.803333333,-40.74271463,0,3219.336667,3
29.8801228,0,7.78,0,0,1037.886667,4
25.25890824,0,2.87,-476.4695443,0,1279.083333,3
35.42207225,0,225.5866667,-1.455805299,2.51,5638.223333,2
36.3564505,0,3.6,3.254447988,0,25169.65333,2
94.33325323,0,0,32.62121256,0,283,3
41.93217944,-7.86,5.386666667,-20.70882344,19.41894005,151416.8867,1
42.06608136,13.21333333,0,129.6317482,37.74707907,5830.08,2
24.01499062,33.07,4.946666667,2.612047615,27.30756691,149752.8967,1
50.62889438,5.356666667,57.50666667,8.053670345,1.50335489,5012,3
37.3605976,0,57.50666667,33.73259072,0,18814.13333,1
92.12645408,0,13.52666667,-1.326972731,6.077115222,127.3333333,4
47.29310777,0.533333333,11.89333333,-14.73115935,2.046699704,11302.35333,2
18.35778309,0,73.98,-75.15385403,13.82,3807.993333,3
36.19186511,0,2.09,-16.07752741,36.82754582,2843.536667,3
32.80331825,4.906666667,7.853333333,-13.30649135,1.4105635,3056,3
76.85610488,0,7.853333333,289.509169,-18.3420838,420.9433333,3
67.11967206,0,243.65,4.704182773,3.18,894.7666667,3
80.01848406,2.61,42.79666667,-9.874785164,-99.95750801,159.59,4
25.77543574,2.996666667,42.79666667,0,405.2870442,1433967328,1
74.05451863,1.373333333,8.38,9.935209063,0.612034324,8009.603333,2
11.81873561,0,0,-644.5864758,0,90.91666667,4
76.65476023,40.61666667,2.72,23.55986219,18.4495067,125141.64,1
49.02526244,0,2.373333333,-9.809611165,4.809960159,7400.01,2
26.06932508,0,0.776666667,14.58992923,0.653522807,2159.256667,3
9.800970381,-114.0133333,2.296666667,-294.1625545,-18.60006176,491.3633333,4
99.89425701,159.1266667,55.91666667,-23.5767,3.47360746,3993.333333,2
54.27578206,842.4,12.03333333,20.0633437,9.664990697,8593.54,3
41.42911676,7.27,0.92,-24.71477081,10.08725729,1268.666667,3
31.42949672,40.01,0.92,61.2986993,11.46915491,1549.963333,3
36.2211379,0,1.24,97.86317828,-1.137779884,2500.053333,3
277.0203576,0,98228.86333,-8.231414911,0,19454.66,2
24.73166119,2.836666667,4.306666667,24.03497485,11.42086386,22403761.57,3
66.91348309,16.77333333,3.7,0,1.938856071,7073331.467,3
42.52356705,0,300.91,15.51041149,0.303333333,450430.5967,1
30.52388896,0,4.63,-242.974119,-20.58938764,13658.73667,2
4.571901922,0,0,-2400.952472,31.65228744,316.5866667,3
184.7739568,0,0,-83.24454682,-66.66719064,-98.97333333,3
82.31282665,-86.71333333,23.98333333,-0.202655241,-12.56195817,10988340.94,3
34.06581921,39.03333333,6.796666667,9.32407425,30.68492659,223331.58,1
